Sonde 1.2;GGCTCTCATGGAATGGTTAAAGACAAGACCAAT\colorbox{Snow2}{12}T\colorbox{Snow2}{3}GTCACCTYTGACTA;182 bp;Fluorophor: FAM Quencher: BMQ-535**
Sonde 3.1;GGRAAAAACACAGATCTTGAGGCTCTCATG\colorbox{Snow2}{12}A\colorbox{Snow2}{3}TGGCTAAAGACAA;158 bp;Fluorophor: FAM Quencher: BMQ-535**
Forward 1;CCCTCAAAGCCGAGATCGCGCAGAGACTKG;98 bp;
Forward 2;CTTCTTACCGAGGTCGAAACGTATGTTCT;48 bp;
Forward 3;GGCCCCCTCAAAGCCGAGATCGCACAGAGACT;96 bp;
Reverse 1.1;GCACGGTGAGCGTGAACACAAACCCTAAAA;189 bp;
Reverse 1.4;TGGGCACGGTGAGCGTGAAAACAAAMCCTA;192 bp;
Reverse 1.8;AGCGTCTACGCTGCAGCCCTCGCTCACTGG;219 bp;
Reverse 3.1;AAAATTCCCTTAGTCAGAGGTGACARAATTGG;161 bp;
Reverse 3.2;CCTAAAATTCCCTTAGTCAGAGGTGACAARAT;164 bp;
Sonde E;TCATGGAATGGCTAAAGACAAGACCAA\colorbox{Snow2}{12}Y\colorbox{Snow2}{3}TGTCACCTCTGACTAAGGG;186 bp;Fluorophor: FAM/ Atto-565 Quencher: BMQ-535**
Forward E;AACACAGATCTTGAGGCTCTCATGGAATGGY;149 bp;
Forward E.2;RAACACAGATCTTGAGGCTCTCATGGAATGG;148 bp;
Forward E.3;AACACAGATCTTGAGGCTCTCATGGAATGG;148 bp;
Reverse E;CGTCTACGCTGCAGTCCTCGCTCACTGGGCA;216 bp;
