Sonde 3.1;GTTCCGTTTGACAATAAAAAGGGATATGCG\colorbox{Snow2}{12}A\colorbox{Snow2}{3}TGTATTGTCCYTGAGAG*;Fluorophor: FAM Quencher: BMQ-535**
Sonde 1.1;GCTAAACTTGTTGCTACTGATGATCTTACAG\colorbox{Snow2}{12}G\colorbox{Snow2}{3}AGGATGAAGAAGATGG*;Fluorophor: FAM Quencher: BMQ-535**
forward 1;TTGAATGCATATGACCAGAGTGGAAGGCTT;/
forward 3;GGAGGAAGTAAACACTCAGAAAGAAGGGAA;/
forward 4;GAGACATGAACAACAGAGATGCAAGGCAAA;/
reverse 1.1;CCTTCATTAAGACGCTCGAAGAGTGARTTG;/
reverse 1.2;TGAATGTCCTTCATTAAGACGCTCGAAGAG;/
reverse 3.3;ATTGGGGTGTTTGAGGAATGTTCCGTTTAC;/
reverse 3.6;ATCCATTGGGGTGTTTGAGGAATGTTCCGT;/
reverse 3.10;CTTGTATCCATTGGGGTGTTTGAGGAATGT;/
reverse 3.15;AGTTGATAAGGACTTGTATCCATTGGGGTG;/
antisense Sonde;CCATCTTCTTCATCCTCCACTGTAAGATCA\colorbox{Snow2}{12}A\colorbox{Snow2}{3}GTAGCAACAAGTTTAGC*;Fluorophor: FAM Quencher: BMQ-535**
